,table_a,column_a,table_b,column_b,similarity,correct
0,2021-01-05T16-14-09Z-2020-10-31-organogram-junior,Professional/Occupational Group,2021-01-22T10-31-21Z-2020-09-30-organogram-junior,Professional/Occupational Group,0.9666667,True
1,2021-01-05T16-14-09Z-2020-10-31-organogram-junior,Number of Posts in FTE,2021-01-22T10-31-21Z-2020-09-30-organogram-junior,Number of Posts in FTE,0.96464646,True
2,2021-01-22T10-31-21Z-2020-09-30-organogram-junior,Professional/Occupational Group,2021-01-27T10-28-42Z-2021-01-27-organogram-junior,Professional/Occupational Group,0.96428573,True
3,2021-01-05T16-14-09Z-2020-10-31-organogram-junior,Payscale Minimum (£),2021-01-22T10-31-21Z-2020-09-30-organogram-junior,Payscale Minimum (£),0.9639175,True
4,2021-01-05T16-14-09Z-2020-10-31-organogram-junior,Payscale Maximum (£),2021-01-22T10-31-21Z-2020-09-30-organogram-junior,Payscale Maximum (£),0.9639175,True
5,2021-01-27T10-18-30Z-2021-01-27-organogram-junior,Professional/Occupational Group,2021-01-27T10-28-42Z-2021-01-27-organogram-junior,Professional/Occupational Group,0.9632232,True
6,2021-01-05T16-14-09Z-2020-10-31-organogram-junior,Reporting Senior Post,2021-01-22T10-31-21Z-2020-09-30-organogram-junior,Reporting Senior Post,0.9631579,True
7,2021-03-02T11-59-52Z-2019-03-31-organogram-junior,Professional/Occupational Group,2021-03-26T13-52-24Z-2020-03-31-organogram-junior,Professional/Occupational Group,0.96291864,True
8,2021-01-05T16-14-09Z-2020-10-31-organogram-junior,Generic Job Title,2021-01-22T10-31-21Z-2020-09-30-organogram-junior,Generic Job Title,0.96276593,True
9,2021-01-22T10-31-21Z-2020-09-30-organogram-junior,Number of Posts in FTE,2021-01-27T10-28-42Z-2021-01-27-organogram-junior,Number of Posts in FTE,0.96204185,True
10,2021-01-05T16-14-09Z-2020-10-31-organogram-junior,Parent Department,2021-01-22T10-31-21Z-2020-09-30-organogram-junior,Parent Department,0.9619565,True
11,2021-01-27T10-18-30Z-2021-01-27-organogram-junior,Payscale Minimum (£),2021-01-27T10-28-42Z-2021-01-27-organogram-junior,Payscale Minimum (£),0.96176493,True
12,2021-01-27T10-18-30Z-2021-01-27-organogram-junior,Payscale Maximum (£),2021-01-27T10-28-42Z-2021-01-27-organogram-junior,Payscale Maximum (£),0.96176493,True
13,2021-01-27T10-18-30Z-2021-01-27-organogram-junior,Reporting Senior Post,2021-01-27T10-28-42Z-2021-01-27-organogram-junior,Reporting Senior Post,0.96135914,True
14,2021-01-22T10-31-21Z-2020-09-30-organogram-junior,Payscale Minimum (£),2021-01-27T10-28-42Z-2021-01-27-organogram-junior,Payscale Minimum (£),0.9612299,True
15,2021-01-22T10-31-21Z-2020-09-30-organogram-junior,Payscale Maximum (£),2021-01-27T10-28-42Z-2021-01-27-organogram-junior,Payscale Maximum (£),0.9612299,True
16,2021-01-27T10-18-30Z-2021-01-27-organogram-junior,Generic Job Title,2021-01-27T10-28-42Z-2021-01-27-organogram-junior,Generic Job Title,0.96114933,True
17,2021-01-27T10-18-30Z-2021-01-27-organogram-junior,Parent Department,2021-01-27T10-28-42Z-2021-01-27-organogram-junior,Parent Department,0.96071494,True
18,2021-03-02T11-59-52Z-2019-03-31-organogram-junior,Number of Posts in FTE,2021-03-26T13-52-24Z-2020-03-31-organogram-junior,Number of Posts in FTE,0.96065986,True
19,2021-01-22T10-31-21Z-2020-09-30-organogram-junior,Reporting Senior Post,2021-01-27T10-28-42Z-2021-01-27-organogram-junior,Reporting Senior Post,0.9603825,True
20,2021-01-22T10-31-21Z-2020-09-30-organogram-junior,Generic Job Title,2021-01-27T10-28-42Z-2021-01-27-organogram-junior,Generic Job Title,0.9599447,True
21,2021-03-02T11-59-52Z-2019-03-31-organogram-junior,Payscale Minimum (£),2021-03-26T13-52-24Z-2020-03-31-organogram-junior,Payscale Minimum (£),0.9598446,True
22,2021-03-02T11-59-52Z-2019-03-31-organogram-junior,Payscale Maximum (£),2021-03-26T13-52-24Z-2020-03-31-organogram-junior,Payscale Maximum (£),0.9598446,True
23,2021-01-05T16-14-09Z-2020-10-31-organogram-junior,Professional/Occupational Group,2021-01-27T10-28-42Z-2021-01-27-organogram-junior,Professional/Occupational Group,0.9593596,True
24,2021-01-05T16-14-09Z-2020-10-31-organogram-junior,Organisation,2021-01-22T10-31-21Z-2020-09-30-organogram-junior,Organisation,0.9593023,True
25,2021-01-27T10-18-30Z-2021-01-27-organogram-junior,Organisation,2021-01-27T10-28-42Z-2021-01-27-organogram-junior,Organisation,0.9592805,True
26,2021-01-22T10-31-21Z-2020-09-30-organogram-junior,Professional/Occupational Group,2021-03-26T13-52-24Z-2020-03-31-organogram-junior,Professional/Occupational Group,0.9591346,True
27,2021-01-22T10-31-21Z-2020-09-30-organogram-junior,Parent Department,2021-01-27T10-28-42Z-2021-01-27-organogram-junior,Parent Department,0.95903957,True
28,2021-03-02T11-59-52Z-2019-03-31-organogram-junior,Reporting Senior Post,2021-03-26T13-52-24Z-2020-03-31-organogram-junior,Reporting Senior Post,0.95899475,True
29,2021-03-02T11-59-52Z-2019-03-31-organogram-junior,Generic Job Title,2021-03-26T13-52-24Z-2020-03-31-organogram-junior,Generic Job Title,0.9585562,True
30,2021-01-27T10-18-30Z-2021-01-27-organogram-junior,Grade,2021-01-27T10-28-42Z-2021-01-27-organogram-junior,Grade,0.95790863,True
31,2021-01-05T16-14-09Z-2020-10-31-organogram-junior,Professional/Occupational Group,2021-03-26T13-52-24Z-2020-03-31-organogram-junior,Professional/Occupational Group,0.95772946,True
32,2021-03-02T11-59-52Z-2019-03-31-organogram-junior,Parent Department,2021-03-26T13-52-24Z-2020-03-31-organogram-junior,Parent Department,0.9576503,True
33,2021-01-27T10-18-30Z-2021-01-27-organogram-junior,Unit,2021-01-27T10-28-42Z-2021-01-27-organogram-junior,Unit,0.9576119,True
34,2021-01-05T16-14-09Z-2020-10-31-organogram-junior,Number of Posts in FTE,2021-01-27T10-28-42Z-2021-01-27-organogram-junior,Number of Posts in FTE,0.9568063,True
35,2021-01-05T16-14-09Z-2020-10-31-organogram-junior,Grade,2021-01-22T10-31-21Z-2020-09-30-organogram-junior,Grade,0.9567901,True
36,2021-01-05T16-14-09Z-2020-10-31-organogram-junior,Unit,2021-01-22T10-31-21Z-2020-09-30-organogram-junior,Unit,0.95625,True
37,2021-01-22T10-31-21Z-2020-09-30-organogram-junior,Number of Posts in FTE,2021-03-26T13-52-24Z-2020-03-31-organogram-junior,Number of Posts in FTE,0.9561856,True
38,2021-01-22T10-31-21Z-2020-09-30-organogram-junior,Organisation,2021-01-27T10-28-42Z-2021-01-27-organogram-junior,Organisation,0.9560606,True
39,2021-01-05T16-14-09Z-2020-10-31-organogram-junior,Payscale Minimum (£),2021-01-27T10-28-42Z-2021-01-27-organogram-junior,Payscale Minimum (£),0.9558824,True
40,2021-01-05T16-14-09Z-2020-10-31-organogram-junior,Payscale Maximum (£),2021-01-27T10-28-42Z-2021-01-27-organogram-junior,Payscale Maximum (£),0.9558824,True
41,2021-01-22T10-31-21Z-2020-09-30-organogram-junior,Payscale Minimum (£),2021-03-26T13-52-24Z-2020-03-31-organogram-junior,Payscale Minimum (£),0.9557292,True
42,2021-01-22T10-31-21Z-2020-09-30-organogram-junior,Payscale Maximum (£),2021-03-26T13-52-24Z-2020-03-31-organogram-junior,Payscale Maximum (£),0.9557292,True
43,2021-01-05T16-14-09Z-2020-10-31-organogram-junior,Number of Posts in FTE,2021-03-26T13-52-24Z-2020-03-31-organogram-junior,Number of Posts in FTE,0.9551282,True
44,2021-01-05T16-14-09Z-2020-10-31-organogram-junior,Reporting Senior Post,2021-01-27T10-28-42Z-2021-01-27-organogram-junior,Reporting Senior Post,0.954918,True
45,2021-03-02T11-59-52Z-2019-03-31-organogram-junior,Organisation,2021-03-26T13-52-24Z-2020-03-31-organogram-junior,Organisation,0.95467836,True
46,2021-01-27T10-28-42Z-2021-01-27-organogram-junior,Professional/Occupational Group,2021-03-02T11-59-52Z-2019-03-31-organogram-junior,Professional/Occupational Group,0.9544335,True
47,2021-01-05T16-14-09Z-2020-10-31-organogram-junior,Generic Job Title,2021-01-27T10-28-42Z-2021-01-27-organogram-junior,Generic Job Title,0.9544199,True
48,2021-01-22T10-31-21Z-2020-09-30-organogram-junior,Reporting Senior Post,2021-03-26T13-52-24Z-2020-03-31-organogram-junior,Reporting Senior Post,0.95430106,True
49,2021-01-22T10-31-21Z-2020-09-30-organogram-junior,Generic Job Title,2021-03-26T13-52-24Z-2020-03-31-organogram-junior,Generic Job Title,0.95430106,True
50,2021-01-05T16-14-09Z-2020-10-31-organogram-junior,Payscale Minimum (£),2021-03-26T13-52-24Z-2020-03-31-organogram-junior,Payscale Minimum (£),0.95418847,True
51,2021-01-05T16-14-09Z-2020-10-31-organogram-junior,Payscale Maximum (£),2021-03-26T13-52-24Z-2020-03-31-organogram-junior,Payscale Maximum (£),0.95418847,True
52,2021-01-27T10-28-42Z-2021-01-27-organogram-junior,Professional/Occupational Group,2021-03-26T13-52-24Z-2020-03-31-organogram-junior,Professional/Occupational Group,0.9539801,True
53,2021-01-05T16-14-09Z-2020-10-31-organogram-junior,Parent Department,2021-01-27T10-28-42Z-2021-01-27-organogram-junior,Parent Department,0.9533898,True
54,2021-01-22T10-31-21Z-2020-09-30-organogram-junior,Parent Department,2021-03-26T13-52-24Z-2020-03-31-organogram-junior,Parent Department,0.9532967,True
55,2021-01-22T10-31-21Z-2020-09-30-organogram-junior,Grade,2021-01-27T10-28-42Z-2021-01-27-organogram-junior,Grade,0.9532258,True
56,2021-01-05T16-14-09Z-2020-10-31-organogram-junior,Reporting Senior Post,2021-03-26T13-52-24Z-2020-03-31-organogram-junior,Reporting Senior Post,0.95320857,True
57,2021-01-05T16-14-09Z-2020-10-31-organogram-junior,Generic Job Title,2021-03-26T13-52-24Z-2020-03-31-organogram-junior,Generic Job Title,0.9527027,True
58,2021-01-22T10-31-21Z-2020-09-30-organogram-junior,Unit,2021-01-27T10-28-42Z-2021-01-27-organogram-junior,Unit,0.95261437,True
59,2021-01-05T16-14-09Z-2020-10-31-organogram-junior,Professional/Occupational Group,2021-03-02T11-59-52Z-2019-03-31-organogram-junior,Professional/Occupational Group,0.95238096,True
60,2021-01-22T10-31-21Z-2020-09-30-organogram-junior,Professional/Occupational Group,2021-03-02T11-59-52Z-2019-03-31-organogram-junior,Professional/Occupational Group,0.95238096,True
61,2021-03-02T11-59-52Z-2019-03-31-organogram-junior,Grade,2021-03-26T13-52-24Z-2020-03-31-organogram-junior,Grade,0.95186335,True
62,2021-01-05T16-14-09Z-2020-10-31-organogram-junior,Parent Department,2021-03-26T13-52-24Z-2020-03-31-organogram-junior,Parent Department,0.9516575,True
63,2021-01-27T10-28-42Z-2021-01-27-organogram-junior,Number of Posts in FTE,2021-03-02T11-59-52Z-2019-03-31-organogram-junior,Number of Posts in FTE,0.9515707,True
64,2021-03-02T11-59-52Z-2019-03-31-organogram-junior,Unit,2021-03-26T13-52-24Z-2020-03-31-organogram-junior,Unit,0.9512578,True
65,2021-01-27T10-28-42Z-2021-01-27-organogram-junior,Number of Posts in FTE,2021-03-26T13-52-24Z-2020-03-31-organogram-junior,Number of Posts in FTE,0.9510582,True
66,2021-01-27T10-28-42Z-2021-01-27-organogram-junior,Payscale Minimum (£),2021-03-02T11-59-52Z-2019-03-31-organogram-junior,Payscale Minimum (£),0.95053476,True
67,2021-01-27T10-28-42Z-2021-01-27-organogram-junior,Payscale Maximum (£),2021-03-02T11-59-52Z-2019-03-31-organogram-junior,Payscale Maximum (£),0.95053476,True
68,2021-01-05T16-14-09Z-2020-10-31-organogram-junior,Organisation,2021-01-27T10-28-42Z-2021-01-27-organogram-junior,Organisation,0.95,True
69,2021-01-22T10-31-21Z-2020-09-30-organogram-junior,Organisation,2021-03-26T13-52-24Z-2020-03-31-organogram-junior,Organisation,0.95,True
70,2021-01-27T10-28-42Z-2021-01-27-organogram-junior,Payscale Minimum (£),2021-03-26T13-52-24Z-2020-03-31-organogram-junior,Payscale Minimum (£),0.95,True
71,2021-01-27T10-28-42Z-2021-01-27-organogram-junior,Payscale Maximum (£),2021-03-26T13-52-24Z-2020-03-31-organogram-junior,Payscale Maximum (£),0.95,True
72,2021-01-05T16-14-09Z-2020-10-31-organogram-junior,Number of Posts in FTE,2021-03-02T11-59-52Z-2019-03-31-organogram-junior,Number of Posts in FTE,0.94949496,True
73,2021-01-22T10-31-21Z-2020-09-30-organogram-junior,Number of Posts in FTE,2021-03-02T11-59-52Z-2019-03-31-organogram-junior,Number of Posts in FTE,0.94949496,True
74,2021-01-27T10-28-42Z-2021-01-27-organogram-junior,Reporting Senior Post,2021-03-02T11-59-52Z-2019-03-31-organogram-junior,Reporting Senior Post,0.94945353,True
75,2021-01-27T10-28-42Z-2021-01-27-organogram-junior,Generic Job Title,2021-03-02T11-59-52Z-2019-03-31-organogram-junior,Generic Job Title,0.94889504,True
76,2021-01-27T10-28-42Z-2021-01-27-organogram-junior,Reporting Senior Post,2021-03-26T13-52-24Z-2020-03-31-organogram-junior,Reporting Senior Post,0.94889504,True
77,2021-01-05T16-14-09Z-2020-10-31-organogram-junior,Payscale Minimum (£),2021-03-02T11-59-52Z-2019-03-31-organogram-junior,Payscale Minimum (£),0.9484536,True
78,2021-01-05T16-14-09Z-2020-10-31-organogram-junior,Payscale Maximum (£),2021-03-02T11-59-52Z-2019-03-31-organogram-junior,Payscale Maximum (£),0.9484536,True
79,2021-01-22T10-31-21Z-2020-09-30-organogram-junior,Payscale Minimum (£),2021-03-02T11-59-52Z-2019-03-31-organogram-junior,Payscale Minimum (£),0.9484536,True
80,2021-01-22T10-31-21Z-2020-09-30-organogram-junior,Payscale Maximum (£),2021-03-02T11-59-52Z-2019-03-31-organogram-junior,Payscale Maximum (£),0.9484536,True
81,2021-01-27T10-28-42Z-2021-01-27-organogram-junior,Generic Job Title,2021-03-26T13-52-24Z-2020-03-31-organogram-junior,Generic Job Title,0.948324,True
82,2021-01-05T16-14-09Z-2020-10-31-organogram-junior,Organisation,2021-03-26T13-52-24Z-2020-03-31-organogram-junior,Organisation,0.94822484,True
83,2021-01-27T10-28-42Z-2021-01-27-organogram-junior,Parent Department,2021-03-02T11-59-52Z-2019-03-31-organogram-junior,Parent Department,0.9477401,True
84,2021-01-05T16-14-09Z-2020-10-31-organogram-junior,Reporting Senior Post,2021-03-02T11-59-52Z-2019-03-31-organogram-junior,Reporting Senior Post,0.94736844,True
85,2021-01-22T10-31-21Z-2020-09-30-organogram-junior,Reporting Senior Post,2021-03-02T11-59-52Z-2019-03-31-organogram-junior,Reporting Senior Post,0.94736844,True
86,2021-01-27T10-28-42Z-2021-01-27-organogram-junior,Parent Department,2021-03-26T13-52-24Z-2020-03-31-organogram-junior,Parent Department,0.94714284,True
87,2021-01-22T10-31-21Z-2020-09-30-organogram-junior,Grade,2021-03-26T13-52-24Z-2020-03-31-organogram-junior,Grade,0.946875,True
88,2021-01-05T16-14-09Z-2020-10-31-organogram-junior,Generic Job Title,2021-03-02T11-59-52Z-2019-03-31-organogram-junior,Generic Job Title,0.9468085,True
89,2021-01-22T10-31-21Z-2020-09-30-organogram-junior,Generic Job Title,2021-03-02T11-59-52Z-2019-03-31-organogram-junior,Generic Job Title,0.9468085,True
90,2021-01-05T16-14-09Z-2020-10-31-organogram-junior,Grade,2021-01-27T10-28-42Z-2021-01-27-organogram-junior,Grade,0.9467742,True
91,2021-01-22T10-31-21Z-2020-09-30-organogram-junior,Unit,2021-03-26T13-52-24Z-2020-03-31-organogram-junior,Unit,0.9462025,True
92,2021-01-05T16-14-09Z-2020-10-31-organogram-junior,Unit,2021-01-27T10-28-42Z-2021-01-27-organogram-junior,Unit,0.9460784,True
93,2021-01-05T16-14-09Z-2020-10-31-organogram-junior,Parent Department,2021-03-02T11-59-52Z-2019-03-31-organogram-junior,Parent Department,0.9456522,True
94,2021-01-22T10-31-21Z-2020-09-30-organogram-junior,Parent Department,2021-03-02T11-59-52Z-2019-03-31-organogram-junior,Parent Department,0.9456522,True
95,2021-01-22T10-31-21Z-2020-09-30-organogram-junior,Professional/Occupational Group,2021-01-27T10-18-30Z-2021-01-27-organogram-junior,Professional/Occupational Group,0.94540703,True
96,2021-01-05T16-14-09Z-2020-10-31-organogram-junior,Grade,2021-03-26T13-52-24Z-2020-03-31-organogram-junior,Grade,0.9449686,True
97,2021-01-05T16-14-09Z-2020-10-31-organogram-junior,Unit,2021-03-26T13-52-24Z-2020-03-31-organogram-junior,Unit,0.9442675,True
98,2021-01-27T10-28-42Z-2021-01-27-organogram-junior,Organisation,2021-03-02T11-59-52Z-2019-03-31-organogram-junior,Organisation,0.9439394,True
99,2021-01-27T10-28-42Z-2021-01-27-organogram-junior,Organisation,2021-03-26T13-52-24Z-2020-03-31-organogram-junior,Organisation,0.94325155,True
100,2021-01-22T10-31-21Z-2020-09-30-organogram-junior,Payscale Minimum (£),2021-01-27T10-18-30Z-2021-01-27-organogram-junior,Payscale Minimum (£),0.94248664,True
101,2021-01-22T10-31-21Z-2020-09-30-organogram-junior,Payscale Maximum (£),2021-01-27T10-18-30Z-2021-01-27-organogram-junior,Payscale Maximum (£),0.94248664,True
102,2021-01-27T10-19-58Z-2021-01-27-organogram-junior,Number of Posts in FTE,2021-01-27T10-28-42Z-2021-01-27-organogram-junior,Number of Posts in FTE,0.9423497,True
103,2021-01-27T10-19-58Z-2021-01-27-organogram-junior,Payscale Minimum (£),2021-01-27T10-28-42Z-2021-01-27-organogram-junior,Payscale Minimum (£),0.94196147,True
104,2021-01-27T10-19-58Z-2021-01-27-organogram-junior,Payscale Maximum (£),2021-01-27T10-28-42Z-2021-01-27-organogram-junior,Payscale Maximum (£),0.94196147,True
105,2021-01-05T16-14-09Z-2020-10-31-organogram-junior,Organisation,2021-03-02T11-59-52Z-2019-03-31-organogram-junior,Organisation,0.94186044,True
106,2021-01-22T10-31-21Z-2020-09-30-organogram-junior,Organisation,2021-03-02T11-59-52Z-2019-03-31-organogram-junior,Organisation,0.94186044,True
107,2021-01-22T10-31-21Z-2020-09-30-organogram-junior,Reporting Senior Post,2021-01-27T10-18-30Z-2021-01-27-organogram-junior,Reporting Senior Post,0.9416772,True
108,2021-01-27T10-19-58Z-2021-01-27-organogram-junior,Reporting Senior Post,2021-01-27T10-28-42Z-2021-01-27-organogram-junior,Reporting Senior Post,0.9415557,True
109,2021-01-22T10-31-21Z-2020-09-30-organogram-junior,Generic Job Title,2021-01-27T10-18-30Z-2021-01-27-organogram-junior,Generic Job Title,0.94125915,True
110,2021-01-27T10-19-58Z-2021-01-27-organogram-junior,Parent Department,2021-01-27T10-28-42Z-2021-01-27-organogram-junior,Parent Department,0.9409114,True
111,2021-01-05T16-14-09Z-2020-10-31-organogram-junior,Professional/Occupational Group,2021-01-27T10-18-30Z-2021-01-27-organogram-junior,Professional/Occupational Group,0.940505,True
112,2021-01-22T10-31-21Z-2020-09-30-organogram-junior,Parent Department,2021-01-27T10-18-30Z-2021-01-27-organogram-junior,Parent Department,0.9403949,True
113,2021-01-27T10-28-42Z-2021-01-27-organogram-junior,Grade,2021-03-02T11-59-52Z-2019-03-31-organogram-junior,Grade,0.9403226,True
114,2021-01-27T10-18-30Z-2021-01-27-organogram-junior,Payscale Minimum (£),2021-01-27T10-19-58Z-2021-01-27-organogram-junior,Payscale Minimum (£),0.94002944,True
115,2021-01-27T10-18-30Z-2021-01-27-organogram-junior,Payscale Maximum (£),2021-01-27T10-19-58Z-2021-01-27-organogram-junior,Payscale Maximum (£),0.94002944,True
116,2021-01-27T10-18-30Z-2021-01-27-organogram-junior,Reporting Senior Post,2021-01-27T10-19-58Z-2021-01-27-organogram-junior,Reporting Senior Post,0.93965906,True
117,2021-01-27T10-28-42Z-2021-01-27-organogram-junior,Unit,2021-03-02T11-59-52Z-2019-03-31-organogram-junior,Unit,0.9395425,True
118,2021-01-27T10-28-42Z-2021-01-27-organogram-junior,Grade,2021-03-26T13-52-24Z-2020-03-31-organogram-junior,Grade,0.9395425,True
119,2021-01-27T10-19-58Z-2021-01-27-organogram-junior,Organisation,2021-01-27T10-28-42Z-2021-01-27-organogram-junior,Organisation,0.939477,True
120,2021-01-27T10-18-30Z-2021-01-27-organogram-junior,Parent Department,2021-01-27T10-19-58Z-2021-01-27-organogram-junior,Parent Department,0.9390711,True
121,2021-01-27T10-28-42Z-2021-01-27-organogram-junior,Unit,2021-03-26T13-52-24Z-2020-03-31-organogram-junior,Unit,0.93874174,True
122,2021-01-05T16-14-09Z-2020-10-31-organogram-junior,Grade,2021-03-02T11-59-52Z-2019-03-31-organogram-junior,Grade,0.93827164,True
123,2021-01-22T10-31-21Z-2020-09-30-organogram-junior,Grade,2021-03-02T11-59-52Z-2019-03-31-organogram-junior,Grade,0.93827164,True
124,2021-01-27T10-19-58Z-2021-01-27-organogram-junior,Grade,2021-01-27T10-28-42Z-2021-01-27-organogram-junior,Grade,0.93810517,True
125,2021-01-27T10-19-58Z-2021-01-27-organogram-junior,Unit,2021-01-27T10-28-42Z-2021-01-27-organogram-junior,Unit,0.9378084,True
126,2021-01-27T10-18-30Z-2021-01-27-organogram-junior,Organisation,2021-01-27T10-19-58Z-2021-01-27-organogram-junior,Organisation,0.937763,True
127,2021-01-22T10-31-21Z-2020-09-30-organogram-junior,Organisation,2021-01-27T10-18-30Z-2021-01-27-organogram-junior,Organisation,0.9375521,True
128,2021-01-05T16-14-09Z-2020-10-31-organogram-junior,Unit,2021-03-02T11-59-52Z-2019-03-31-organogram-junior,Unit,0.9375,True
129,2021-01-22T10-31-21Z-2020-09-30-organogram-junior,Unit,2021-03-02T11-59-52Z-2019-03-31-organogram-junior,Unit,0.9375,True
130,2021-01-05T16-14-09Z-2020-10-31-organogram-junior,Payscale Minimum (£),2021-01-27T10-18-30Z-2021-01-27-organogram-junior,Payscale Minimum (£),0.9371675,True
131,2021-01-05T16-14-09Z-2020-10-31-organogram-junior,Payscale Maximum (£),2021-01-27T10-18-30Z-2021-01-27-organogram-junior,Payscale Maximum (£),0.9371675,True
132,2021-01-27T10-18-30Z-2021-01-27-organogram-junior,Grade,2021-01-27T10-19-58Z-2021-01-27-organogram-junior,Grade,0.936513,True
133,2021-01-27T10-18-30Z-2021-01-27-organogram-junior,Unit,2021-01-27T10-19-58Z-2021-01-27-organogram-junior,Unit,0.9362427,True
134,2021-01-05T16-14-09Z-2020-10-31-organogram-junior,Reporting Senior Post,2021-01-27T10-18-30Z-2021-01-27-organogram-junior,Reporting Senior Post,0.93624246,True
135,2021-01-05T16-14-09Z-2020-10-31-organogram-junior,Generic Job Title,2021-01-27T10-18-30Z-2021-01-27-organogram-junior,Generic Job Title,0.9357647,True
136,2021-01-22T10-31-21Z-2020-09-30-organogram-junior,Grade,2021-01-27T10-18-30Z-2021-01-27-organogram-junior,Grade,0.9348489,True
137,2021-01-05T16-14-09Z-2020-10-31-organogram-junior,Parent Department,2021-01-27T10-18-30Z-2021-01-27-organogram-junior,Parent Department,0.9347769,True
138,2021-01-22T10-31-21Z-2020-09-30-organogram-junior,Unit,2021-01-27T10-18-30Z-2021-01-27-organogram-junior,Unit,0.9342662,True
139,2021-01-27T10-18-30Z-2021-01-27-organogram-junior,Professional/Occupational Group,2021-03-26T13-52-24Z-2020-03-31-organogram-junior,Professional/Occupational Group,0.93169117,True
140,2021-01-05T16-14-09Z-2020-10-31-organogram-junior,Organisation,2021-01-27T10-18-30Z-2021-01-27-organogram-junior,Organisation,0.931528,True
141,2021-01-27T10-18-30Z-2021-01-27-organogram-junior,Professional/Occupational Group,2021-03-02T11-59-52Z-2019-03-31-organogram-junior,Professional/Occupational Group,0.93070114,True
142,2021-01-05T16-14-09Z-2020-10-31-organogram-junior,Grade,2021-01-27T10-18-30Z-2021-01-27-organogram-junior,Grade,0.92843866,True
143,2021-01-05T16-14-09Z-2020-10-31-organogram-junior,Unit,2021-01-27T10-18-30Z-2021-01-27-organogram-junior,Unit,0.92777264,True
144,2021-01-27T10-18-30Z-2021-01-27-organogram-junior,Payscale Minimum (£),2021-03-26T13-52-24Z-2020-03-31-organogram-junior,Payscale Minimum (£),0.92758167,True
145,2021-01-27T10-18-30Z-2021-01-27-organogram-junior,Payscale Maximum (£),2021-03-26T13-52-24Z-2020-03-31-organogram-junior,Payscale Maximum (£),0.92758167,True
146,2021-01-27T10-18-30Z-2021-01-27-organogram-junior,Payscale Minimum (£),2021-03-02T11-59-52Z-2019-03-31-organogram-junior,Payscale Minimum (£),0.9265293,True
147,2021-01-27T10-18-30Z-2021-01-27-organogram-junior,Payscale Maximum (£),2021-03-02T11-59-52Z-2019-03-31-organogram-junior,Payscale Maximum (£),0.9265293,True
148,2021-01-27T10-18-30Z-2021-01-27-organogram-junior,Reporting Senior Post,2021-03-26T13-52-24Z-2020-03-31-organogram-junior,Reporting Senior Post,0.926442,True
149,2021-01-27T10-18-30Z-2021-01-27-organogram-junior,Generic Job Title,2021-03-26T13-52-24Z-2020-03-31-organogram-junior,Generic Job Title,0.9258534,True
150,2021-01-27T10-18-30Z-2021-01-27-organogram-junior,Reporting Senior Post,2021-03-02T11-59-52Z-2019-03-31-organogram-junior,Reporting Senior Post,0.92537296,True
151,2021-01-27T10-18-30Z-2021-01-27-organogram-junior,Generic Job Title,2021-03-02T11-59-52Z-2019-03-31-organogram-junior,Generic Job Title,0.9247757,True
152,2021-01-27T10-18-30Z-2021-01-27-organogram-junior,Parent Department,2021-03-26T13-52-24Z-2020-03-31-organogram-junior,Parent Department,0.924636,True
153,2021-01-27T10-18-30Z-2021-01-27-organogram-junior,Parent Department,2021-03-02T11-59-52Z-2019-03-31-organogram-junior,Parent Department,0.92354095,True
154,2021-01-22T10-31-21Z-2020-09-30-organogram-junior,Number of Posts in FTE,2021-01-27T10-19-58Z-2021-01-27-organogram-junior,Number of Posts in FTE,0.92085475,True
155,2021-01-27T10-18-30Z-2021-01-27-organogram-junior,Organisation,2021-03-26T13-52-24Z-2020-03-31-organogram-junior,Organisation,0.92062986,True
156,2021-01-22T10-31-21Z-2020-09-30-organogram-junior,Payscale Minimum (£),2021-01-27T10-19-58Z-2021-01-27-organogram-junior,Payscale Minimum (£),0.9200236,True
157,2021-01-22T10-31-21Z-2020-09-30-organogram-junior,Payscale Maximum (£),2021-01-27T10-19-58Z-2021-01-27-organogram-junior,Payscale Maximum (£),0.9200236,True
158,2021-01-27T10-18-30Z-2021-01-27-organogram-junior,Organisation,2021-03-02T11-59-52Z-2019-03-31-organogram-junior,Organisation,0.9194797,True
159,2021-01-22T10-31-21Z-2020-09-30-organogram-junior,Reporting Senior Post,2021-01-27T10-19-58Z-2021-01-27-organogram-junior,Reporting Senior Post,0.9191564,True
160,2021-01-05T16-14-09Z-2020-10-31-organogram-junior,Number of Posts in FTE,2021-01-27T10-19-58Z-2021-01-27-organogram-junior,Number of Posts in FTE,0.91825056,True
161,2021-01-22T10-31-21Z-2020-09-30-organogram-junior,Parent Department,2021-01-27T10-19-58Z-2021-01-27-organogram-junior,Parent Department,0.9177824,True
162,2021-01-05T16-14-09Z-2020-10-31-organogram-junior,Payscale Minimum (£),2021-01-27T10-19-58Z-2021-01-27-organogram-junior,Payscale Minimum (£),0.91736406,True
163,2021-01-05T16-14-09Z-2020-10-31-organogram-junior,Payscale Maximum (£),2021-01-27T10-19-58Z-2021-01-27-organogram-junior,Payscale Maximum (£),0.91736406,True
164,2021-01-27T10-18-30Z-2021-01-27-organogram-junior,Grade,2021-03-26T13-52-24Z-2020-03-31-organogram-junior,Grade,0.91681755,True
165,2021-01-05T16-14-09Z-2020-10-31-organogram-junior,Reporting Senior Post,2021-01-27T10-19-58Z-2021-01-27-organogram-junior,Reporting Senior Post,0.916439,True
166,2021-01-27T10-18-30Z-2021-01-27-organogram-junior,Unit,2021-03-26T13-52-24Z-2020-03-31-organogram-junior,Unit,0.91599524,True
167,2021-01-27T10-18-30Z-2021-01-27-organogram-junior,Grade,2021-03-02T11-59-52Z-2019-03-31-organogram-junior,Grade,0.9156182,True
168,2021-01-05T16-14-09Z-2020-10-31-organogram-junior,Parent Department,2021-01-27T10-19-58Z-2021-01-27-organogram-junior,Parent Department,0.91497344,True
169,2021-01-27T10-18-30Z-2021-01-27-organogram-junior,Unit,2021-03-02T11-59-52Z-2019-03-31-organogram-junior,Unit,0.9147856,True
170,2021-01-22T10-31-21Z-2020-09-30-organogram-junior,Organisation,2021-01-27T10-19-58Z-2021-01-27-organogram-junior,Organisation,0.9147365,True
171,2021-01-27T10-19-58Z-2021-01-27-organogram-junior,Number of Posts in FTE,2021-03-02T11-59-52Z-2019-03-31-organogram-junior,Number of Posts in FTE,0.91304225,True
172,2021-01-27T10-19-58Z-2021-01-27-organogram-junior,Payscale Minimum (£),2021-03-02T11-59-52Z-2019-03-31-organogram-junior,Payscale Minimum (£),0.91204494,True
173,2021-01-27T10-19-58Z-2021-01-27-organogram-junior,Payscale Maximum (£),2021-03-02T11-59-52Z-2019-03-31-organogram-junior,Payscale Maximum (£),0.91204494,True
174,2021-01-22T10-31-21Z-2020-09-30-organogram-junior,Grade,2021-01-27T10-19-58Z-2021-01-27-organogram-junior,Grade,0.9118403,True
175,2021-01-05T16-14-09Z-2020-10-31-organogram-junior,Organisation,2021-01-27T10-19-58Z-2021-01-27-organogram-junior,Organisation,0.9117245,True
176,2021-01-22T10-31-21Z-2020-09-30-organogram-junior,Unit,2021-01-27T10-19-58Z-2021-01-27-organogram-junior,Unit,0.91121596,True
177,2021-01-27T10-19-58Z-2021-01-27-organogram-junior,Reporting Senior Post,2021-03-02T11-59-52Z-2019-03-31-organogram-junior,Reporting Senior Post,0.9110042,True
178,2021-01-27T10-19-58Z-2021-01-27-organogram-junior,Parent Department,2021-03-02T11-59-52Z-2019-03-31-organogram-junior,Parent Department,0.90935546,True
179,2021-01-27T10-19-58Z-2021-01-27-organogram-junior,Number of Posts in FTE,2021-03-26T13-52-24Z-2020-03-31-organogram-junior,Number of Posts in FTE,0.90887016,True
180,2021-01-05T16-14-09Z-2020-10-31-organogram-junior,Grade,2021-01-27T10-19-58Z-2021-01-27-organogram-junior,Grade,0.9086352,True
181,2021-01-05T16-14-09Z-2020-10-31-organogram-junior,Unit,2021-01-27T10-19-58Z-2021-01-27-organogram-junior,Unit,0.9079692,True
182,2021-01-27T10-19-58Z-2021-01-27-organogram-junior,Payscale Minimum (£),2021-03-26T13-52-24Z-2020-03-31-organogram-junior,Payscale Minimum (£),0.9077782,True
183,2021-01-27T10-19-58Z-2021-01-27-organogram-junior,Payscale Maximum (£),2021-03-26T13-52-24Z-2020-03-31-organogram-junior,Payscale Maximum (£),0.9077782,True
184,2021-01-27T10-19-58Z-2021-01-27-organogram-junior,Reporting Senior Post,2021-03-26T13-52-24Z-2020-03-31-organogram-junior,Reporting Senior Post,0.90663856,True
185,2021-01-27T10-19-58Z-2021-01-27-organogram-junior,Organisation,2021-03-02T11-59-52Z-2019-03-31-organogram-junior,Organisation,0.9057004,True
186,2021-01-27T10-19-58Z-2021-01-27-organogram-junior,Parent Department,2021-03-26T13-52-24Z-2020-03-31-organogram-junior,Parent Department,0.9048325,True
187,2021-01-27T10-19-58Z-2021-01-27-organogram-junior,Grade,2021-03-02T11-59-52Z-2019-03-31-organogram-junior,Grade,0.90222496,True
188,2021-01-27T10-19-58Z-2021-01-27-organogram-junior,Unit,2021-03-02T11-59-52Z-2019-03-31-organogram-junior,Unit,0.90147567,True
189,2021-01-27T10-19-58Z-2021-01-27-organogram-junior,Organisation,2021-03-26T13-52-24Z-2020-03-31-organogram-junior,Organisation,0.90082633,True
190,2021-01-27T10-19-58Z-2021-01-27-organogram-junior,Grade,2021-03-26T13-52-24Z-2020-03-31-organogram-junior,Grade,0.897014,True
191,2021-01-27T10-19-58Z-2021-01-27-organogram-junior,Unit,2021-03-26T13-52-24Z-2020-03-31-organogram-junior,Unit,0.8961918,True
192,2021-01-27T10-18-30Z-2021-01-27-organogram-junior,Grade,2021-01-27T10-24-17Z-2021-01-27-organogram-junior,Grade,0.85691077,True
193,2021-01-27T10-18-30Z-2021-01-27-organogram-junior,Unit,2021-01-27T10-24-17Z-2021-01-27-organogram-junior,Unit,0.85659546,True
194,2021-01-27T10-19-58Z-2021-01-27-organogram-junior,Grade,2021-01-27T10-24-17Z-2021-01-27-organogram-junior,Grade,0.8555018,True
195,2021-01-27T10-19-58Z-2021-01-27-organogram-junior,Unit,2021-01-27T10-24-17Z-2021-01-27-organogram-junior,Unit,0.85518646,True
196,2021-01-27T10-24-17Z-2021-01-27-organogram-junior,Grade,2021-01-27T10-28-42Z-2021-01-27-organogram-junior,Grade,0.8516394,True
197,2021-01-27T10-24-17Z-2021-01-27-organogram-junior,Unit,2021-01-27T10-28-42Z-2021-01-27-organogram-junior,Unit,0.8513882,True
198,2021-01-27T10-19-58Z-2021-01-27-organogram-junior,unnamed0,2021-01-27T14-18-47Z-2020-12-06-organogram-junior,unnamed0,0.83221585,False
199,2021-01-27T10-19-58Z-2021-01-27-organogram-junior,unnamed1,2021-01-27T14-18-47Z-2020-12-06-organogram-junior,unnamed1,0.83221585,False
200,2021-01-27T10-18-30Z-2021-01-27-organogram-junior,unnamed9,2021-01-27T14-18-47Z-2020-12-06-organogram-junior,unnamed9,0.82202655,False
201,2021-01-22T10-31-21Z-2020-09-30-organogram-junior,Grade,2021-01-27T10-24-17Z-2021-01-27-organogram-junior,Grade,0.82139444,True
202,2021-01-27T10-24-17Z-2021-01-27-organogram-junior,Grade,2021-01-27T10-24-17Z-2021-01-27-organogram-senior,grade,0.8208334,True
203,2021-01-22T10-31-21Z-2020-09-30-organogram-junior,Unit,2021-01-27T10-24-17Z-2021-01-27-organogram-junior,Unit,0.82075363,True
204,2021-01-05T16-14-09Z-2020-10-31-organogram-junior,Grade,2021-01-27T10-24-17Z-2021-01-27-organogram-junior,Grade,0.81560856,True
205,2021-01-05T16-14-09Z-2020-10-31-organogram-junior,Unit,2021-01-27T10-24-17Z-2021-01-27-organogram-junior,Unit,0.81490093,True
206,2021-01-27T10-24-17Z-2021-01-27-organogram-junior,Grade,2021-03-26T13-52-24Z-2020-03-31-organogram-junior,Grade,0.8096382,True
207,2021-01-27T10-24-17Z-2021-01-27-organogram-junior,Unit,2021-03-26T13-52-24Z-2020-03-31-organogram-junior,Unit,0.8088375,True
208,2021-01-27T10-24-17Z-2021-01-27-organogram-junior,Grade,2021-03-02T11-59-52Z-2019-03-31-organogram-junior,Grade,0.8059932,True
209,2021-01-27T10-19-58Z-2021-01-27-organogram-junior,Grade,2021-01-27T10-24-17Z-2021-01-27-organogram-senior,grade,0.8055819,True
210,2021-01-27T10-24-17Z-2021-01-27-organogram-junior,Unit,2021-03-02T11-59-52Z-2019-03-31-organogram-junior,Unit,0.80516064,True
211,2021-01-27T10-18-30Z-2021-01-27-organogram-junior,Grade,2021-01-27T10-24-17Z-2021-01-27-organogram-senior,grade,0.80487883,True
212,2021-01-27T10-24-17Z-2021-01-27-organogram-senior,grade,2021-01-27T10-28-42Z-2021-01-27-organogram-junior,Grade,0.79795885,True
213,2021-01-27T10-24-17Z-2021-01-27-organogram-junior,Grade,2021-03-26T09-20-55Z-2021-03-26-organogram-junior,Grade,0.79216164,True
214,2021-01-27T10-18-30Z-2021-01-27-organogram-junior,unnamed9,2021-01-27T10-19-58Z-2021-01-27-organogram-junior,unnamed0,0.778032,False
215,2021-01-27T10-18-30Z-2021-01-27-organogram-junior,unnamed9,2021-01-27T10-19-58Z-2021-01-27-organogram-junior,unnamed1,0.778032,False
216,2021-03-26T09-20-55Z-2021-03-26-organogram-junior,Grade,2021-03-26T13-52-24Z-2020-03-31-organogram-junior,Grade,0.77524847,True
217,2021-01-22T10-31-21Z-2020-09-30-organogram-junior,Grade,2021-01-27T10-24-17Z-2021-01-27-organogram-senior,grade,0.7701606,True
218,2021-01-27T10-18-30Z-2021-01-27-organogram-junior,Grade,2021-03-26T09-20-55Z-2021-03-26-organogram-junior,Grade,0.76430935,True
219,2021-01-27T10-28-42Z-2021-01-27-organogram-junior,Grade,2021-03-26T09-20-55Z-2021-03-26-organogram-junior,Grade,0.7634022,True
220,2021-01-05T16-14-09Z-2020-10-31-organogram-junior,Grade,2021-01-27T10-24-17Z-2021-01-27-organogram-senior,grade,0.7625303,True
221,2021-01-22T10-31-21Z-2020-09-30-organogram-junior,Grade,2021-03-26T09-20-55Z-2021-03-26-organogram-junior,Grade,0.7610046,True
222,2021-03-02T11-59-52Z-2019-03-31-organogram-junior,Grade,2021-03-26T09-20-55Z-2021-03-26-organogram-junior,Grade,0.7610046,True
223,2021-01-27T10-19-58Z-2021-01-27-organogram-junior,Grade,2021-03-26T09-20-55Z-2021-03-26-organogram-junior,Grade,0.75849736,True
224,2021-01-05T16-14-09Z-2020-10-31-organogram-junior,Grade,2021-03-26T09-20-55Z-2021-03-26-organogram-junior,Grade,0.7577788,True
225,2021-01-27T10-24-17Z-2021-01-27-organogram-senior,grade,2021-03-26T13-52-24Z-2020-03-31-organogram-junior,Grade,0.7572574,True
226,2021-01-27T10-24-17Z-2021-01-27-organogram-senior,grade,2021-03-02T11-59-52Z-2019-03-31-organogram-junior,Grade,0.75291497,True
227,2021-01-27T10-24-17Z-2021-01-27-organogram-senior,grade,2021-03-26T09-20-55Z-2021-03-26-organogram-junior,Grade,0.73705596,True
228,2021-01-27T10-24-17Z-2021-01-27-organogram-junior,Unnamed: 3,2021-01-27T10-24-17Z-2021-01-27-organogram-senior,Unnamed: 15,0.67105496,False
229,2021-01-27T10-19-58Z-2021-01-27-organogram-junior,unnamed0,2021-01-27T10-24-17Z-2021-01-27-organogram-senior,unnamed,0.6676168,False
230,2021-01-27T10-19-58Z-2021-01-27-organogram-junior,unnamed1,2021-01-27T10-24-17Z-2021-01-27-organogram-senior,unnamed,0.6676168,False
231,2021-01-27T10-18-30Z-2021-01-27-organogram-junior,unnamed9,2021-01-27T10-24-17Z-2021-01-27-organogram-senior,unnamed,0.6669729,False
232,2021-01-27T10-18-30Z-2021-01-27-organogram-junior,unnamed9,2021-01-27T10-24-17Z-2021-01-27-organogram-junior,Unnamed: 3,0.6640509,False
233,2021-01-27T10-19-58Z-2021-01-27-organogram-junior,unnamed0,2021-01-27T10-24-17Z-2021-01-27-organogram-junior,Unnamed: 3,0.6626419,False
234,2021-01-27T10-19-58Z-2021-01-27-organogram-junior,unnamed1,2021-01-27T10-24-17Z-2021-01-27-organogram-junior,Unnamed: 3,0.6626419,False
235,2021-01-27T10-24-17Z-2021-01-27-organogram-junior,Unnamed: 3,2021-01-27T14-18-47Z-2020-12-06-organogram-junior,unnamed3,0.66012686,True
236,2021-01-27T10-18-30Z-2021-01-27-organogram-junior,Payscale Minimum (£),2021-01-27T10-24-17Z-2021-01-27-organogram-junior,PayscaleMin(£),0.6562608,True
237,2021-01-27T10-18-30Z-2021-01-27-organogram-junior,Payscale Maximum (£),2021-01-27T10-24-17Z-2021-01-27-organogram-junior,PayscaleMax(£),0.6562608,True
238,2021-01-27T10-19-58Z-2021-01-27-organogram-junior,Payscale Minimum (£),2021-01-27T10-24-17Z-2021-01-27-organogram-junior,PayscaleMin(£),0.6548518,True
239,2021-01-27T10-19-58Z-2021-01-27-organogram-junior,Payscale Maximum (£),2021-01-27T10-24-17Z-2021-01-27-organogram-junior,PayscaleMax(£),0.6548518,True
240,2021-01-27T10-24-17Z-2021-01-27-organogram-junior,PayscaleMin(£),2021-01-27T10-28-42Z-2021-01-27-organogram-junior,Payscale Minimum (£),0.6501709,True
241,2021-01-27T10-24-17Z-2021-01-27-organogram-junior,PayscaleMax(£),2021-01-27T10-28-42Z-2021-01-27-organogram-junior,Payscale Maximum (£),0.6501709,True
242,2021-01-27T10-24-17Z-2021-01-27-organogram-senior,unnamed,2021-01-27T14-18-47Z-2020-12-06-organogram-junior,unnamed4,0.63926667,False
243,2021-01-27T10-24-17Z-2021-01-27-organogram-senior,unnamed,2021-01-27T14-18-47Z-2020-12-06-organogram-junior,unnamed0,0.63808835,False
244,2021-01-27T10-24-17Z-2021-01-27-organogram-senior,unnamed,2021-01-27T14-18-47Z-2020-12-06-organogram-junior,unnamed1,0.63808835,False
245,2021-01-27T10-24-17Z-2021-01-27-organogram-senior,unnamed,2021-01-27T14-18-47Z-2020-12-06-organogram-junior,unnamed2,0.63808835,True
246,2021-01-27T10-24-17Z-2021-01-27-organogram-senior,unnamed,2021-01-27T14-18-47Z-2020-12-06-organogram-junior,unnamed3,0.63808835,False
247,2021-01-27T10-24-17Z-2021-01-27-organogram-senior,unnamed,2021-01-27T14-18-47Z-2020-12-06-organogram-junior,unnamed5,0.63808835,False
248,2021-01-27T10-24-17Z-2021-01-27-organogram-senior,unnamed,2021-01-27T14-18-47Z-2020-12-06-organogram-junior,unnamed6,0.63808835,False
249,2021-01-27T10-24-17Z-2021-01-27-organogram-senior,unnamed,2021-01-27T14-18-47Z-2020-12-06-organogram-junior,unnamed7,0.63808835,False
250,2021-01-27T10-24-17Z-2021-01-27-organogram-senior,unnamed,2021-01-27T14-18-47Z-2020-12-06-organogram-junior,unnamed8,0.63808835,False
251,2021-01-27T10-24-17Z-2021-01-27-organogram-senior,unnamed,2021-01-27T14-18-47Z-2020-12-06-organogram-junior,unnamed9,0.63808835,False
252,2021-01-27T10-19-58Z-2021-01-27-organogram-junior,Parent Department,2021-01-27T10-24-17Z-2021-01-27-organogram-senior,job department,0.6272609,True
253,2021-01-27T10-18-30Z-2021-01-27-organogram-junior,Parent Department,2021-01-27T10-24-17Z-2021-01-27-organogram-senior,job department,0.6266332,True
254,2021-01-22T10-31-21Z-2020-09-30-organogram-junior,Payscale Minimum (£),2021-01-27T10-24-17Z-2021-01-27-organogram-junior,PayscaleMin(£),0.6247741,True
255,2021-01-22T10-31-21Z-2020-09-30-organogram-junior,Payscale Maximum (£),2021-01-27T10-24-17Z-2021-01-27-organogram-junior,PayscaleMax(£),0.6247741,True
256,2021-01-05T16-14-09Z-2020-10-31-organogram-junior,Payscale Minimum (£),2021-01-27T10-24-17Z-2021-01-27-organogram-junior,PayscaleMin(£),0.6199511,True
257,2021-01-05T16-14-09Z-2020-10-31-organogram-junior,Payscale Maximum (£),2021-01-27T10-24-17Z-2021-01-27-organogram-junior,PayscaleMax(£),0.6199511,True
258,2021-01-27T10-24-17Z-2021-01-27-organogram-senior,job department,2021-01-27T10-28-42Z-2021-01-27-organogram-junior,Parent Department,0.6190537,True
259,2021-01-27T10-24-17Z-2021-01-27-organogram-junior,PayscaleMin(£),2021-03-26T13-52-24Z-2020-03-31-organogram-junior,Payscale Minimum (£),0.61465615,True
260,2021-01-27T10-24-17Z-2021-01-27-organogram-junior,PayscaleMax(£),2021-03-26T13-52-24Z-2020-03-31-organogram-junior,Payscale Maximum (£),0.61465615,True
261,2021-01-27T10-24-17Z-2021-01-27-organogram-junior,PayscaleMin(£),2021-03-02T11-59-52Z-2019-03-31-organogram-junior,Payscale Minimum (£),0.61170936,True
262,2021-01-27T10-24-17Z-2021-01-27-organogram-junior,PayscaleMax(£),2021-03-02T11-59-52Z-2019-03-31-organogram-junior,Payscale Maximum (£),0.61170936,True
263,2021-01-22T10-31-21Z-2020-09-30-organogram-junior,Parent Department,2021-01-27T10-24-17Z-2021-01-27-organogram-senior,job department,0.5949896,True
264,2021-01-27T10-24-17Z-2021-01-27-organogram-junior,Group,2021-01-27T10-24-17Z-2021-01-27-organogram-senior,job group,0.58939743,True
265,2021-01-05T16-14-09Z-2020-10-31-organogram-junior,Parent Department,2021-01-27T10-24-17Z-2021-01-27-organogram-senior,job department,0.5883126,True
266,2021-01-27T10-24-17Z-2021-01-27-organogram-senior,job department,2021-03-26T13-52-24Z-2020-03-31-organogram-junior,Parent Department,0.5836259,True
267,2021-01-27T10-24-17Z-2021-01-27-organogram-senior,job department,2021-03-02T11-59-52Z-2019-03-31-organogram-junior,Parent Department,0.57983804,True
268,2021-01-27T10-24-17Z-2021-01-27-organogram-junior,JobTitle,2021-03-26T09-20-55Z-2021-03-26-organogram-junior,Title,0.5767134,True
269,2021-01-27T10-19-58Z-2021-01-27-organogram-junior,Organisation,2021-01-27T10-24-17Z-2021-01-27-organogram-senior,job organization,0.571525,True
270,2021-01-27T10-18-30Z-2021-01-27-organogram-junior,Organisation,2021-01-27T10-24-17Z-2021-01-27-organogram-senior,job organization,0.5709662,True
271,2021-01-27T10-24-17Z-2021-01-27-organogram-senior,job organization,2021-01-27T10-28-42Z-2021-01-27-organogram-junior,Organisation,0.563542,True
272,2021-01-27T10-18-30Z-2021-01-27-organogram-junior,Generic Job Title,2021-01-27T10-24-17Z-2021-01-27-organogram-junior,JobTitle,0.54372746,True
273,2021-01-22T10-31-21Z-2020-09-30-organogram-junior,Organisation,2021-01-27T10-24-17Z-2021-01-27-organogram-senior,job organization,0.5386028,True
274,2021-01-27T10-24-17Z-2021-01-27-organogram-junior,JobTitle,2021-01-27T10-28-42Z-2021-01-27-organogram-junior,Generic Job Title,0.53783566,True
275,2021-01-05T16-14-09Z-2020-10-31-organogram-junior,Organisation,2021-01-27T10-24-17Z-2021-01-27-organogram-senior,job organization,0.5316763,True
276,2021-01-27T10-24-17Z-2021-01-27-organogram-senior,job organization,2021-03-26T13-52-24Z-2020-03-31-organogram-junior,Organisation,0.5267685,True
277,2021-01-27T10-24-17Z-2021-01-27-organogram-senior,job organization,2021-03-02T11-59-52Z-2019-03-31-organogram-junior,Organisation,0.5228528,True
278,2021-01-27T10-24-17Z-2021-01-27-organogram-junior,Dept,2021-03-26T09-20-55Z-2021-03-26-organogram-junior,Dept Name,0.5146431,True
279,2021-01-22T10-31-21Z-2020-09-30-organogram-junior,Generic Job Title,2021-01-27T10-24-17Z-2021-01-27-organogram-junior,JobTitle,0.5112028,True
280,2021-01-05T16-14-09Z-2020-10-31-organogram-junior,Generic Job Title,2021-01-27T10-24-17Z-2021-01-27-organogram-junior,JobTitle,0.506183,True
281,2021-01-27T10-24-17Z-2021-01-27-organogram-junior,JobTitle,2021-01-27T10-24-17Z-2021-01-27-organogram-senior,job name,0.5022956,False
282,2021-01-27T10-24-17Z-2021-01-27-organogram-junior,PostNum,2021-01-27T10-24-17Z-2021-01-27-organogram-senior,post code,0.5022956,False
283,2021-01-27T10-24-17Z-2021-01-27-organogram-junior,JobTitle,2021-03-26T13-52-24Z-2020-03-31-organogram-junior,Generic Job Title,0.50052166,True
284,2021-01-27T10-24-17Z-2021-01-27-organogram-junior,JobTitle,2021-03-02T11-59-52Z-2019-03-31-organogram-junior,Generic Job Title,0.4975125,True
285,2021-01-27T10-18-30Z-2021-01-27-organogram-junior,Organisation,2021-01-27T10-24-17Z-2021-01-27-organogram-junior,Org,0.49728912,True
286,2021-01-27T10-19-58Z-2021-01-27-organogram-junior,Organisation,2021-01-27T10-24-17Z-2021-01-27-organogram-junior,Org,0.49588016,True
287,2021-01-27T10-24-17Z-2021-01-27-organogram-junior,Org,2021-01-27T10-28-42Z-2021-01-27-organogram-junior,Organisation,0.49180624,True
288,2021-01-27T10-24-17Z-2021-01-27-organogram-junior,Org,2021-03-26T09-20-55Z-2021-03-26-organogram-junior,Org Name,0.47753078,True
289,2021-01-27T10-24-17Z-2021-01-27-organogram-senior,job name,2021-03-26T09-20-55Z-2021-03-26-organogram-junior,Org Name,0.47571966,False
290,2021-01-27T10-19-58Z-2021-01-27-organogram-junior,Reporting Senior Post,2021-01-27T10-24-17Z-2021-01-27-organogram-senior,report to,0.46382546,False
291,2021-01-27T10-18-30Z-2021-01-27-organogram-junior,Reporting Senior Post,2021-01-27T10-24-17Z-2021-01-27-organogram-senior,report to,0.46328232,False
292,2021-01-22T10-31-21Z-2020-09-30-organogram-junior,Organisation,2021-01-27T10-24-17Z-2021-01-27-organogram-junior,Org,0.4627038,True
293,2021-01-05T16-14-09Z-2020-10-31-organogram-junior,Organisation,2021-01-27T10-24-17Z-2021-01-27-organogram-junior,Org,0.45723572,True
294,2021-01-27T10-24-17Z-2021-01-27-organogram-senior,report to,2021-01-27T10-28-42Z-2021-01-27-organogram-junior,Reporting Senior Post,0.45571342,False
295,2021-01-27T10-24-17Z-2021-01-27-organogram-junior,Org,2021-03-26T13-52-24Z-2020-03-31-organogram-junior,Organisation,0.45106736,True
296,2021-03-26T09-20-55Z-2021-03-26-organogram-junior,Title,2021-03-26T13-52-24Z-2020-03-31-organogram-junior,Generic Job Title,0.45024014,True
297,2021-01-27T10-24-17Z-2021-01-27-organogram-junior,Org,2021-03-02T11-59-52Z-2019-03-31-organogram-junior,Organisation,0.44780174,True
298,2021-01-27T10-18-30Z-2021-01-27-organogram-junior,Generic Job Title,2021-03-26T09-20-55Z-2021-03-26-organogram-junior,Title,0.43990028,True
299,2021-01-27T10-28-42Z-2021-01-27-organogram-junior,Generic Job Title,2021-03-26T09-20-55Z-2021-03-26-organogram-junior,Title,0.43877628,True
300,2021-01-22T10-31-21Z-2020-09-30-organogram-junior,Generic Job Title,2021-03-26T09-20-55Z-2021-03-26-organogram-junior,Title,0.43727875,True
301,2021-03-02T11-59-52Z-2019-03-31-organogram-junior,Generic Job Title,2021-03-26T09-20-55Z-2021-03-26-organogram-junior,Title,0.43727875,True
302,2021-01-05T16-14-09Z-2020-10-31-organogram-junior,Generic Job Title,2021-03-26T09-20-55Z-2021-03-26-organogram-junior,Title,0.43432015,True
303,2021-01-22T10-31-21Z-2020-09-30-organogram-junior,Reporting Senior Post,2021-01-27T10-24-17Z-2021-01-27-organogram-senior,report to,0.431596,False
304,2021-01-05T16-14-09Z-2020-10-31-organogram-junior,Reporting Senior Post,2021-01-27T10-24-17Z-2021-01-27-organogram-senior,report to,0.4248801,False
305,2021-01-27T10-18-30Z-2021-01-27-organogram-junior,Professional/Occupational Group,2021-01-27T10-24-17Z-2021-01-27-organogram-senior,job group,0.4203164,True
306,2021-01-27T10-24-17Z-2021-01-27-organogram-senior,report to,2021-03-26T13-52-24Z-2020-03-31-organogram-junior,Reporting Senior Post,0.42010176,False
307,2021-01-27T10-24-17Z-2021-01-27-organogram-senior,report to,2021-03-02T11-59-52Z-2019-03-31-organogram-junior,Reporting Senior Post,0.41630864,False
308,2021-01-27T10-24-17Z-2021-01-27-organogram-senior,unnamed,2021-01-27T10-28-42Z-2021-01-27-organogram-junior,Unit,0.41515815,True
309,2021-01-27T10-19-58Z-2021-01-27-organogram-junior,Number of Posts in FTE,2021-01-27T10-24-17Z-2021-01-27-organogram-junior,PostNum,0.41272667,True
310,2021-01-27T10-24-17Z-2021-01-27-organogram-senior,job group,2021-01-27T10-28-42Z-2021-01-27-organogram-junior,Professional/Occupational Group,0.41242233,True
311,2021-01-27T10-24-17Z-2021-01-27-organogram-junior,PostNum,2021-01-27T10-28-42Z-2021-01-27-organogram-junior,Number of Posts in FTE,0.40806362,True
312,2021-01-27T10-18-30Z-2021-01-27-organogram-junior,Reporting Senior Post,2021-01-27T10-24-17Z-2021-01-27-organogram-junior,PostNum,0.39034885,False
313,2021-01-22T10-31-21Z-2020-09-30-organogram-junior,Professional/Occupational Group,2021-01-27T10-24-17Z-2021-01-27-organogram-senior,job group,0.39016417,True
314,2021-01-22T10-31-21Z-2020-09-30-organogram-junior,Unit,2021-01-27T10-24-17Z-2021-01-27-organogram-senior,unnamed,0.38833064,True
315,2021-01-27T10-24-17Z-2021-01-27-organogram-junior,PayscaleMin(£),2021-01-27T10-24-17Z-2021-01-27-organogram-senior,actual pay floot (£),0.38788593,False
316,2021-01-27T10-24-17Z-2021-01-27-organogram-junior,PayscaleMax(£),2021-01-27T10-24-17Z-2021-01-27-organogram-senior,actual pay floot (£),0.38788593,False
317,2021-01-22T10-31-21Z-2020-09-30-organogram-junior,Parent Department,2021-01-27T10-24-17Z-2021-01-27-organogram-junior,Dept,0.3858401,True
318,2021-01-05T16-14-09Z-2020-10-31-organogram-junior,Professional/Occupational Group,2021-01-27T10-24-17Z-2021-01-27-organogram-senior,job group,0.38389215,True
319,2021-01-22T10-31-21Z-2020-09-30-organogram-junior,Number of Posts in FTE,2021-01-27T10-24-17Z-2021-01-27-organogram-junior,PostNum,0.38243338,True
320,2021-01-27T10-19-58Z-2021-01-27-organogram-junior,Payscale Minimum (£),2021-01-27T10-24-17Z-2021-01-27-organogram-senior,actual pay floot (£),0.38138044,False
321,2021-01-27T10-19-58Z-2021-01-27-organogram-junior,Payscale Maximum (£),2021-01-27T10-24-17Z-2021-01-27-organogram-senior,actual pay floot (£),0.38138044,False
322,2021-01-27T10-19-58Z-2021-01-27-organogram-junior,Number of Posts in FTE,2021-01-27T10-24-17Z-2021-01-27-organogram-senior,fte,0.38104087,False
323,2021-01-27T10-18-30Z-2021-01-27-organogram-junior,Payscale Minimum (£),2021-01-27T10-24-17Z-2021-01-27-organogram-senior,actual pay floot (£),0.381006,False
324,2021-01-27T10-18-30Z-2021-01-27-organogram-junior,Payscale Maximum (£),2021-01-27T10-24-17Z-2021-01-27-organogram-senior,actual pay floot (£),0.381006,False
325,2021-01-05T16-14-09Z-2020-10-31-organogram-junior,Unit,2021-01-27T10-24-17Z-2021-01-27-organogram-senior,unnamed,0.38089293,True
326,2021-01-05T16-14-09Z-2020-10-31-organogram-junior,Parent Department,2021-01-27T10-24-17Z-2021-01-27-organogram-junior,Dept,0.3807049,True
327,2021-01-27T10-18-30Z-2021-01-27-organogram-junior,Generic Job Title,2021-01-27T10-24-17Z-2021-01-27-organogram-senior,job name,0.38062248,False
328,2021-01-27T10-24-17Z-2021-01-27-organogram-senior,job group,2021-03-26T13-52-24Z-2020-03-31-organogram-junior,Professional/Occupational Group,0.3792946,True
329,2021-01-05T16-14-09Z-2020-10-31-organogram-junior,Number of Posts in FTE,2021-01-27T10-24-17Z-2021-01-27-organogram-junior,PostNum,0.37767145,True
330,2021-03-26T09-20-55Z-2021-03-26-organogram-junior,Org Name,2021-03-26T13-52-24Z-2020-03-31-organogram-junior,Organisation,0.37764144,True
331,2021-01-27T10-24-17Z-2021-01-27-organogram-senior,job group,2021-03-02T11-59-52Z-2019-03-31-organogram-junior,Professional/Occupational Group,0.375784,True
332,2021-01-27T10-24-17Z-2021-01-27-organogram-senior,unnamed,2021-03-26T13-52-24Z-2020-03-31-organogram-junior,Unit,0.37559178,True
333,2021-01-27T10-24-17Z-2021-01-27-organogram-junior,Dept,2021-03-26T13-52-24Z-2020-03-31-organogram-junior,Parent Department,0.37473515,True
334,2021-01-27T10-24-17Z-2021-01-27-organogram-senior,job name,2021-01-27T10-28-42Z-2021-01-27-organogram-junior,Generic Job Title,0.37304538,False
335,2021-01-27T10-24-17Z-2021-01-27-organogram-senior,fte,2021-01-27T10-28-42Z-2021-01-27-organogram-junior,Number of Posts in FTE,0.37304538,False
336,2021-01-27T10-24-17Z-2021-01-27-organogram-senior,actual pay floot (£),2021-01-27T10-28-42Z-2021-01-27-organogram-junior,Payscale Minimum (£),0.37303245,False
337,2021-01-27T10-24-17Z-2021-01-27-organogram-senior,actual pay floot (£),2021-01-27T10-28-42Z-2021-01-27-organogram-junior,Payscale Maximum (£),0.37303245,False
338,2021-01-27T10-24-17Z-2021-01-27-organogram-junior,PostNum,2021-03-26T13-52-24Z-2020-03-31-organogram-junior,Number of Posts in FTE,0.37192434,True
339,2021-01-27T10-24-17Z-2021-01-27-organogram-junior,Dept,2021-03-02T11-59-52Z-2019-03-31-organogram-junior,Parent Department,0.37172288,True
340,2021-01-27T10-24-17Z-2021-01-27-organogram-senior,unnamed,2021-03-02T11-59-52Z-2019-03-31-organogram-junior,Unit,0.37139925,True
341,2021-01-27T10-24-17Z-2021-01-27-organogram-junior,PostNum,2021-03-02T11-59-52Z-2019-03-31-organogram-junior,Number of Posts in FTE,0.3691969,True
342,2021-01-27T10-18-30Z-2021-01-27-organogram-junior,Organisation,2021-03-26T09-20-55Z-2021-03-26-organogram-junior,Org Name,0.36665303,True
343,2021-01-27T10-28-42Z-2021-01-27-organogram-junior,Organisation,2021-03-26T09-20-55Z-2021-03-26-organogram-junior,Org Name,0.36553317,True
344,2021-01-22T10-31-21Z-2020-09-30-organogram-junior,Organisation,2021-03-26T09-20-55Z-2021-03-26-organogram-junior,Org Name,0.3642354,True
345,2021-03-02T11-59-52Z-2019-03-31-organogram-junior,Organisation,2021-03-26T09-20-55Z-2021-03-26-organogram-junior,Org Name,0.3642354,True
346,2021-01-05T16-14-09Z-2020-10-31-organogram-junior,Organisation,2021-03-26T09-20-55Z-2021-03-26-organogram-junior,Org Name,0.3611679,True
347,2021-01-27T10-19-58Z-2021-01-27-organogram-junior,Organisation,2021-03-26T09-20-55Z-2021-03-26-organogram-junior,Org Name,0.36084104,True
348,2021-01-27T10-24-17Z-2021-01-27-organogram-junior,Unit,2021-03-26T09-20-55Z-2021-03-26-organogram-junior,Team,0.3565398,False
349,2021-01-27T10-28-42Z-2021-01-27-organogram-junior,Unit,2021-01-27T14-18-47Z-2020-12-06-organogram-junior,unnamed4,0.352413,False
350,2021-01-22T10-31-21Z-2020-09-30-organogram-junior,Payscale Minimum (£),2021-01-27T10-24-17Z-2021-01-27-organogram-senior,actual pay floot (£),0.35122845,False
351,2021-01-22T10-31-21Z-2020-09-30-organogram-junior,Payscale Maximum (£),2021-01-27T10-24-17Z-2021-01-27-organogram-senior,actual pay floot (£),0.35122845,False
352,2021-01-27T10-28-42Z-2021-01-27-organogram-junior,Unit,2021-01-27T14-18-47Z-2020-12-06-organogram-junior,unnamed0,0.3511989,False
353,2021-01-27T10-28-42Z-2021-01-27-organogram-junior,Unit,2021-01-27T14-18-47Z-2020-12-06-organogram-junior,unnamed1,0.3511989,False
354,2021-01-27T10-28-42Z-2021-01-27-organogram-junior,Unit,2021-01-27T14-18-47Z-2020-12-06-organogram-junior,unnamed2,0.3511989,True
355,2021-01-27T10-28-42Z-2021-01-27-organogram-junior,Unit,2021-01-27T14-18-47Z-2020-12-06-organogram-junior,unnamed3,0.3511989,False
356,2021-01-27T10-28-42Z-2021-01-27-organogram-junior,Unit,2021-01-27T14-18-47Z-2020-12-06-organogram-junior,unnamed5,0.3511989,False
357,2021-01-27T10-28-42Z-2021-01-27-organogram-junior,Unit,2021-01-27T14-18-47Z-2020-12-06-organogram-junior,unnamed6,0.3511989,False
358,2021-01-27T10-28-42Z-2021-01-27-organogram-junior,Unit,2021-01-27T14-18-47Z-2020-12-06-organogram-junior,unnamed7,0.3511989,False
359,2021-01-27T10-28-42Z-2021-01-27-organogram-junior,Unit,2021-01-27T14-18-47Z-2020-12-06-organogram-junior,unnamed8,0.3511989,False
360,2021-01-27T10-28-42Z-2021-01-27-organogram-junior,Unit,2021-01-27T14-18-47Z-2020-12-06-organogram-junior,unnamed9,0.3511989,False
361,2021-01-22T10-31-21Z-2020-09-30-organogram-junior,Generic Job Title,2021-01-27T10-24-17Z-2021-01-27-organogram-senior,job name,0.34898403,False
362,2021-01-22T10-31-21Z-2020-09-30-organogram-junior,Number of Posts in FTE,2021-01-27T10-24-17Z-2021-01-27-organogram-senior,fte,0.34898403,False
363,2021-01-05T16-14-09Z-2020-10-31-organogram-junior,Payscale Minimum (£),2021-01-27T10-24-17Z-2021-01-27-organogram-senior,actual pay floot (£),0.34507018,False
364,2021-01-05T16-14-09Z-2020-10-31-organogram-junior,Payscale Maximum (£),2021-01-27T10-24-17Z-2021-01-27-organogram-senior,actual pay floot (£),0.34507018,False
365,2021-01-05T16-14-09Z-2020-10-31-organogram-junior,Generic Job Title,2021-01-27T10-24-17Z-2021-01-27-organogram-senior,job name,0.34224588,False
366,2021-01-05T16-14-09Z-2020-10-31-organogram-junior,Number of Posts in FTE,2021-01-27T10-24-17Z-2021-01-27-organogram-senior,fte,0.34224588,False
367,2021-01-05T16-14-09Z-2020-10-31-organogram-junior,Unit,2021-01-27T14-18-47Z-2020-12-06-organogram-junior,unnamed4,0.3411932,False
368,2021-01-27T10-24-17Z-2021-01-27-organogram-senior,actual pay floot (£),2021-03-26T13-52-24Z-2020-03-31-organogram-junior,Payscale Minimum (£),0.34053326,False
369,2021-01-27T10-24-17Z-2021-01-27-organogram-senior,actual pay floot (£),2021-03-26T13-52-24Z-2020-03-31-organogram-junior,Payscale Maximum (£),0.34053326,False
370,2021-03-26T09-20-55Z-2021-03-26-organogram-junior,Team,2021-03-26T13-52-24Z-2020-03-31-organogram-junior,Unit,0.34033206,False
371,2021-01-05T16-14-09Z-2020-10-31-organogram-junior,Unit,2021-01-27T14-18-47Z-2020-12-06-organogram-junior,unnamed0,0.3400979,False
372,2021-01-05T16-14-09Z-2020-10-31-organogram-junior,Unit,2021-01-27T14-18-47Z-2020-12-06-organogram-junior,unnamed1,0.3400979,False
373,2021-01-05T16-14-09Z-2020-10-31-organogram-junior,Unit,2021-01-27T14-18-47Z-2020-12-06-organogram-junior,unnamed2,0.3400979,True
374,2021-01-05T16-14-09Z-2020-10-31-organogram-junior,Unit,2021-01-27T14-18-47Z-2020-12-06-organogram-junior,unnamed3,0.3400979,False
375,2021-01-05T16-14-09Z-2020-10-31-organogram-junior,Unit,2021-01-27T14-18-47Z-2020-12-06-organogram-junior,unnamed5,0.3400979,False
376,2021-01-05T16-14-09Z-2020-10-31-organogram-junior,Unit,2021-01-27T14-18-47Z-2020-12-06-organogram-junior,unnamed6,0.3400979,False
377,2021-01-05T16-14-09Z-2020-10-31-organogram-junior,Unit,2021-01-27T14-18-47Z-2020-12-06-organogram-junior,unnamed7,0.3400979,False
378,2021-01-05T16-14-09Z-2020-10-31-organogram-junior,Unit,2021-01-27T14-18-47Z-2020-12-06-organogram-junior,unnamed8,0.3400979,False
379,2021-01-05T16-14-09Z-2020-10-31-organogram-junior,Unit,2021-01-27T14-18-47Z-2020-12-06-organogram-junior,unnamed9,0.3400979,False
380,2021-01-22T10-31-21Z-2020-09-30-organogram-junior,Unit,2021-01-27T14-18-47Z-2020-12-06-organogram-junior,unnamed4,0.3381629,False
381,2021-01-27T10-24-17Z-2021-01-27-organogram-senior,job name,2021-03-26T13-52-24Z-2020-03-31-organogram-junior,Generic Job Title,0.33735612,False
382,2021-01-27T10-24-17Z-2021-01-27-organogram-senior,fte,2021-03-26T13-52-24Z-2020-03-31-organogram-junior,Number of Posts in FTE,0.33735612,False
383,2021-01-27T10-24-17Z-2021-01-27-organogram-senior,actual pay floot (£),2021-03-02T11-59-52Z-2019-03-31-organogram-junior,Payscale Minimum (£),0.33709145,False
384,2021-01-27T10-24-17Z-2021-01-27-organogram-senior,actual pay floot (£),2021-03-02T11-59-52Z-2019-03-31-organogram-junior,Payscale Maximum (£),0.33709145,False
385,2021-01-22T10-31-21Z-2020-09-30-organogram-junior,Unit,2021-01-27T14-18-47Z-2020-12-06-organogram-junior,unnamed0,0.33708584,False
386,2021-01-22T10-31-21Z-2020-09-30-organogram-junior,Unit,2021-01-27T14-18-47Z-2020-12-06-organogram-junior,unnamed1,0.33708584,False
387,2021-01-22T10-31-21Z-2020-09-30-organogram-junior,Unit,2021-01-27T14-18-47Z-2020-12-06-organogram-junior,unnamed2,0.33708584,True
388,2021-01-22T10-31-21Z-2020-09-30-organogram-junior,Unit,2021-01-27T14-18-47Z-2020-12-06-organogram-junior,unnamed3,0.33708584,False
389,2021-01-22T10-31-21Z-2020-09-30-organogram-junior,Unit,2021-01-27T14-18-47Z-2020-12-06-organogram-junior,unnamed5,0.33708584,False
390,2021-01-22T10-31-21Z-2020-09-30-organogram-junior,Unit,2021-01-27T14-18-47Z-2020-12-06-organogram-junior,unnamed6,0.33708584,False
391,2021-01-22T10-31-21Z-2020-09-30-organogram-junior,Unit,2021-01-27T14-18-47Z-2020-12-06-organogram-junior,unnamed7,0.33708584,False
392,2021-01-22T10-31-21Z-2020-09-30-organogram-junior,Unit,2021-01-27T14-18-47Z-2020-12-06-organogram-junior,unnamed8,0.33708584,False
393,2021-01-22T10-31-21Z-2020-09-30-organogram-junior,Unit,2021-01-27T14-18-47Z-2020-12-06-organogram-junior,unnamed9,0.33708584,False
394,2021-01-27T10-24-17Z-2021-01-27-organogram-senior,job name,2021-03-02T11-59-52Z-2019-03-31-organogram-junior,Generic Job Title,0.33357537,False
395,2021-01-27T10-24-17Z-2021-01-27-organogram-senior,fte,2021-03-02T11-59-52Z-2019-03-31-organogram-junior,Number of Posts in FTE,0.33357537,False
396,2021-01-27T14-18-47Z-2020-12-06-organogram-junior,unnamed4,2021-03-26T13-52-24Z-2020-03-31-organogram-junior,Unit,0.33010674,False
397,2021-01-27T14-18-47Z-2020-12-06-organogram-junior,unnamed0,2021-03-26T13-52-24Z-2020-03-31-organogram-junior,Unit,0.329072,False
398,2021-01-27T14-18-47Z-2020-12-06-organogram-junior,unnamed1,2021-03-26T13-52-24Z-2020-03-31-organogram-junior,Unit,0.329072,False
399,2021-01-27T14-18-47Z-2020-12-06-organogram-junior,unnamed2,2021-03-26T13-52-24Z-2020-03-31-organogram-junior,Unit,0.329072,True
400,2021-01-27T14-18-47Z-2020-12-06-organogram-junior,unnamed3,2021-03-26T13-52-24Z-2020-03-31-organogram-junior,Unit,0.329072,False
401,2021-01-27T14-18-47Z-2020-12-06-organogram-junior,unnamed5,2021-03-26T13-52-24Z-2020-03-31-organogram-junior,Unit,0.329072,False
402,2021-01-27T14-18-47Z-2020-12-06-organogram-junior,unnamed6,2021-03-26T13-52-24Z-2020-03-31-organogram-junior,Unit,0.329072,False
403,2021-01-27T14-18-47Z-2020-12-06-organogram-junior,unnamed7,2021-03-26T13-52-24Z-2020-03-31-organogram-junior,Unit,0.329072,False
404,2021-01-27T14-18-47Z-2020-12-06-organogram-junior,unnamed8,2021-03-26T13-52-24Z-2020-03-31-organogram-junior,Unit,0.329072,False
405,2021-01-27T14-18-47Z-2020-12-06-organogram-junior,unnamed9,2021-03-26T13-52-24Z-2020-03-31-organogram-junior,Unit,0.329072,False
406,2021-01-27T10-18-30Z-2021-01-27-organogram-junior,Unit,2021-03-26T09-20-55Z-2021-03-26-organogram-junior,Team,0.3286875,False
407,2021-01-27T10-28-42Z-2021-01-27-organogram-junior,Unit,2021-03-26T09-20-55Z-2021-03-26-organogram-junior,Team,0.32766032,False
408,2021-01-22T10-31-21Z-2020-09-30-organogram-junior,Unit,2021-03-26T09-20-55Z-2021-03-26-organogram-junior,Team,0.32611427,False
409,2021-03-02T11-59-52Z-2019-03-31-organogram-junior,Unit,2021-03-26T09-20-55Z-2021-03-26-organogram-junior,Team,0.32611427,False
410,2021-01-27T14-18-47Z-2020-12-06-organogram-junior,unnamed4,2021-03-02T11-59-52Z-2019-03-31-organogram-junior,Unit,0.32301137,False
411,2021-01-27T10-19-58Z-2021-01-27-organogram-junior,Unit,2021-03-26T09-20-55Z-2021-03-26-organogram-junior,Team,0.3228755,False
412,2021-01-05T16-14-09Z-2020-10-31-organogram-junior,Unit,2021-03-26T09-20-55Z-2021-03-26-organogram-junior,Team,0.3228675,False
413,2021-01-27T14-18-47Z-2020-12-06-organogram-junior,unnamed0,2021-03-02T11-59-52Z-2019-03-31-organogram-junior,Unit,0.3220256,False
414,2021-01-27T14-18-47Z-2020-12-06-organogram-junior,unnamed1,2021-03-02T11-59-52Z-2019-03-31-organogram-junior,Unit,0.3220256,False
415,2021-01-27T14-18-47Z-2020-12-06-organogram-junior,unnamed2,2021-03-02T11-59-52Z-2019-03-31-organogram-junior,Unit,0.3220256,True
416,2021-01-27T14-18-47Z-2020-12-06-organogram-junior,unnamed3,2021-03-02T11-59-52Z-2019-03-31-organogram-junior,Unit,0.3220256,False
417,2021-01-27T14-18-47Z-2020-12-06-organogram-junior,unnamed5,2021-03-02T11-59-52Z-2019-03-31-organogram-junior,Unit,0.3220256,False
418,2021-01-27T14-18-47Z-2020-12-06-organogram-junior,unnamed6,2021-03-02T11-59-52Z-2019-03-31-organogram-junior,Unit,0.3220256,False
419,2021-01-27T14-18-47Z-2020-12-06-organogram-junior,unnamed7,2021-03-02T11-59-52Z-2019-03-31-organogram-junior,Unit,0.3220256,False
420,2021-01-27T14-18-47Z-2020-12-06-organogram-junior,unnamed8,2021-03-02T11-59-52Z-2019-03-31-organogram-junior,Unit,0.3220256,False
421,2021-01-27T14-18-47Z-2020-12-06-organogram-junior,unnamed9,2021-03-02T11-59-52Z-2019-03-31-organogram-junior,Unit,0.3220256,False
422,2021-01-27T14-18-47Z-2020-12-06-organogram-junior,unnamed4,2021-03-26T09-20-55Z-2021-03-26-organogram-junior,Org Name,0.31268078,False
423,2021-01-27T14-18-47Z-2020-12-06-organogram-junior,unnamed0,2021-03-26T09-20-55Z-2021-03-26-organogram-junior,Org Name,0.3116204,False
424,2021-01-27T14-18-47Z-2020-12-06-organogram-junior,unnamed1,2021-03-26T09-20-55Z-2021-03-26-organogram-junior,Org Name,0.3116204,True
425,2021-01-27T14-18-47Z-2020-12-06-organogram-junior,unnamed2,2021-03-26T09-20-55Z-2021-03-26-organogram-junior,Org Name,0.3116204,False
426,2021-01-27T14-18-47Z-2020-12-06-organogram-junior,unnamed3,2021-03-26T09-20-55Z-2021-03-26-organogram-junior,Org Name,0.3116204,False
427,2021-01-27T14-18-47Z-2020-12-06-organogram-junior,unnamed5,2021-03-26T09-20-55Z-2021-03-26-organogram-junior,Org Name,0.3116204,False
428,2021-01-27T14-18-47Z-2020-12-06-organogram-junior,unnamed6,2021-03-26T09-20-55Z-2021-03-26-organogram-junior,Org Name,0.3116204,False
429,2021-01-27T14-18-47Z-2020-12-06-organogram-junior,unnamed7,2021-03-26T09-20-55Z-2021-03-26-organogram-junior,Org Name,0.3116204,False
430,2021-01-27T14-18-47Z-2020-12-06-organogram-junior,unnamed8,2021-03-26T09-20-55Z-2021-03-26-organogram-junior,Org Name,0.3116204,False
431,2021-01-27T14-18-47Z-2020-12-06-organogram-junior,unnamed9,2021-03-26T09-20-55Z-2021-03-26-organogram-junior,Org Name,0.3116204,False
432,2021-01-27T10-24-17Z-2021-01-27-organogram-senior,fte,2021-03-26T09-20-55Z-2021-03-26-organogram-junior,Team,0.3089191,False
433,2021-01-27T14-18-47Z-2020-12-06-organogram-junior,unnamed0,2021-03-02T11-57-01Z-2018-09-30-organogram-junior,nan0,0.25647187,True
434,2021-01-27T14-18-47Z-2020-12-06-organogram-junior,unnamed1,2021-03-02T11-57-01Z-2018-09-30-organogram-junior,nan1,0.25647187,True
435,2021-01-27T14-18-47Z-2020-12-06-organogram-junior,unnamed2,2021-03-02T11-57-01Z-2018-09-30-organogram-junior,nan2,0.25647187,True
436,2021-01-27T14-18-47Z-2020-12-06-organogram-junior,unnamed3,2021-03-02T11-57-01Z-2018-09-30-organogram-junior,nan3,0.25647187,True
437,2021-01-27T14-18-47Z-2020-12-06-organogram-junior,unnamed5,2021-03-02T11-57-01Z-2018-09-30-organogram-junior,nan5,0.25647187,True
438,2021-01-27T14-18-47Z-2020-12-06-organogram-junior,unnamed6,2021-03-02T11-57-01Z-2018-09-30-organogram-junior,nan6,0.25647187,True
439,2021-01-27T14-18-47Z-2020-12-06-organogram-junior,unnamed7,2021-03-02T11-57-01Z-2018-09-30-organogram-junior,nan7,0.25647187,True
440,2021-01-27T14-18-47Z-2020-12-06-organogram-junior,unnamed8,2021-03-02T11-57-01Z-2018-09-30-organogram-junior,nan8,0.25647187,True
441,2021-01-27T14-18-47Z-2020-12-06-organogram-junior,unnamed9,2021-03-02T11-57-01Z-2018-09-30-organogram-junior,nan9,0.25647187,True
442,2021-01-27T14-18-47Z-2020-12-06-organogram-junior,unnamed4,2021-03-02T11-57-01Z-2018-09-30-organogram-junior,nan4,0.25542665,True
443,2021-01-27T10-18-30Z-2021-01-27-organogram-junior,unnamed9,2021-03-02T11-57-01Z-2018-09-30-organogram-junior,nan9,0.25096452,False
444,2021-01-27T10-24-17Z-2021-01-27-organogram-senior,notes,2021-03-02T11-57-01Z-2018-09-30-organogram-junior,nan4,0.25018904,False
445,2021-01-27T10-24-17Z-2021-01-27-organogram-senior,notes,2021-03-02T11-57-01Z-2018-09-30-organogram-junior,nan0,0.24918872,False
446,2021-01-27T10-24-17Z-2021-01-27-organogram-senior,notes,2021-03-02T11-57-01Z-2018-09-30-organogram-junior,nan1,0.24918872,False
447,2021-01-27T10-24-17Z-2021-01-27-organogram-senior,notes,2021-03-02T11-57-01Z-2018-09-30-organogram-junior,nan2,0.24918872,False
448,2021-01-27T10-24-17Z-2021-01-27-organogram-senior,notes,2021-03-02T11-57-01Z-2018-09-30-organogram-junior,nan3,0.24918872,False
449,2021-01-27T10-24-17Z-2021-01-27-organogram-senior,notes,2021-03-02T11-57-01Z-2018-09-30-organogram-junior,nan5,0.24918872,False
450,2021-01-27T10-24-17Z-2021-01-27-organogram-senior,notes,2021-03-02T11-57-01Z-2018-09-30-organogram-junior,nan6,0.24918872,False
451,2021-01-27T10-24-17Z-2021-01-27-organogram-senior,notes,2021-03-02T11-57-01Z-2018-09-30-organogram-junior,nan7,0.24918872,False
452,2021-01-27T10-24-17Z-2021-01-27-organogram-senior,notes,2021-03-02T11-57-01Z-2018-09-30-organogram-junior,nan8,0.24918872,False
453,2021-01-27T10-24-17Z-2021-01-27-organogram-senior,notes,2021-03-02T11-57-01Z-2018-09-30-organogram-junior,nan9,0.24918872,False
454,2021-03-02T11-57-01Z-2018-09-30-organogram-junior,nan4,2021-03-02T11-59-52Z-2019-03-31-organogram-junior,Organisation,0.24910715,False
455,2021-03-02T11-57-01Z-2018-09-30-organogram-junior,nan0,2021-03-02T11-59-52Z-2019-03-31-organogram-junior,Organisation,0.2480153,False
456,2021-03-02T11-57-01Z-2018-09-30-organogram-junior,nan1,2021-03-02T11-59-52Z-2019-03-31-organogram-junior,Organisation,0.2480153,True
457,2021-03-02T11-57-01Z-2018-09-30-organogram-junior,nan2,2021-03-02T11-59-52Z-2019-03-31-organogram-junior,Organisation,0.2480153,False
458,2021-03-02T11-57-01Z-2018-09-30-organogram-junior,nan3,2021-03-02T11-59-52Z-2019-03-31-organogram-junior,Organisation,0.2480153,False
459,2021-03-02T11-57-01Z-2018-09-30-organogram-junior,nan5,2021-03-02T11-59-52Z-2019-03-31-organogram-junior,Organisation,0.2480153,False
460,2021-03-02T11-57-01Z-2018-09-30-organogram-junior,nan6,2021-03-02T11-59-52Z-2019-03-31-organogram-junior,Organisation,0.2480153,False
461,2021-03-02T11-57-01Z-2018-09-30-organogram-junior,nan7,2021-03-02T11-59-52Z-2019-03-31-organogram-junior,Organisation,0.2480153,False
462,2021-03-02T11-57-01Z-2018-09-30-organogram-junior,nan8,2021-03-02T11-59-52Z-2019-03-31-organogram-junior,Organisation,0.2480153,False
463,2021-03-02T11-57-01Z-2018-09-30-organogram-junior,nan9,2021-03-02T11-59-52Z-2019-03-31-organogram-junior,Organisation,0.2480153,False
464,2021-01-27T10-19-58Z-2021-01-27-organogram-junior,unnamed0,2021-03-02T11-57-01Z-2018-09-30-organogram-junior,nan0,0.2475,False
465,2021-01-27T10-19-58Z-2021-01-27-organogram-junior,unnamed1,2021-03-02T11-57-01Z-2018-09-30-organogram-junior,nan1,0.2475,False
466,2021-01-22T10-31-21Z-2020-09-30-organogram-junior,Organisation,2021-03-02T11-57-01Z-2018-09-30-organogram-junior,nan4,0.24613096,False
467,2021-01-22T10-31-21Z-2020-09-30-organogram-junior,Organisation,2021-03-02T11-57-01Z-2018-09-30-organogram-junior,nan0,0.24505672,False
468,2021-01-22T10-31-21Z-2020-09-30-organogram-junior,Organisation,2021-03-02T11-57-01Z-2018-09-30-organogram-junior,nan1,0.24505672,True
469,2021-01-22T10-31-21Z-2020-09-30-organogram-junior,Organisation,2021-03-02T11-57-01Z-2018-09-30-organogram-junior,nan2,0.24505672,False
470,2021-01-22T10-31-21Z-2020-09-30-organogram-junior,Organisation,2021-03-02T11-57-01Z-2018-09-30-organogram-junior,nan3,0.24505672,False
471,2021-01-22T10-31-21Z-2020-09-30-organogram-junior,Organisation,2021-03-02T11-57-01Z-2018-09-30-organogram-junior,nan5,0.24505672,False
472,2021-01-22T10-31-21Z-2020-09-30-organogram-junior,Organisation,2021-03-02T11-57-01Z-2018-09-30-organogram-junior,nan6,0.24505672,False
473,2021-01-22T10-31-21Z-2020-09-30-organogram-junior,Organisation,2021-03-02T11-57-01Z-2018-09-30-organogram-junior,nan7,0.24505672,False
474,2021-01-22T10-31-21Z-2020-09-30-organogram-junior,Organisation,2021-03-02T11-57-01Z-2018-09-30-organogram-junior,nan8,0.24505672,False
475,2021-01-22T10-31-21Z-2020-09-30-organogram-junior,Organisation,2021-03-02T11-57-01Z-2018-09-30-organogram-junior,nan9,0.24505672,False
476,2021-01-27T10-18-30Z-2021-01-27-organogram-junior,Organisation,2021-03-02T11-57-01Z-2018-09-30-organogram-junior,nan4,0.2353781,False
477,2021-01-27T10-18-30Z-2021-01-27-organogram-junior,Organisation,2021-03-02T11-57-01Z-2018-09-30-organogram-junior,nan0,0.23433667,False
478,2021-01-27T10-18-30Z-2021-01-27-organogram-junior,Organisation,2021-03-02T11-57-01Z-2018-09-30-organogram-junior,nan1,0.23433667,True
479,2021-01-27T10-18-30Z-2021-01-27-organogram-junior,Organisation,2021-03-02T11-57-01Z-2018-09-30-organogram-junior,nan2,0.23433667,False
480,2021-01-27T10-18-30Z-2021-01-27-organogram-junior,Organisation,2021-03-02T11-57-01Z-2018-09-30-organogram-junior,nan3,0.23433667,False
481,2021-01-27T10-18-30Z-2021-01-27-organogram-junior,Organisation,2021-03-02T11-57-01Z-2018-09-30-organogram-junior,nan5,0.23433667,False
482,2021-01-27T10-18-30Z-2021-01-27-organogram-junior,Organisation,2021-03-02T11-57-01Z-2018-09-30-organogram-junior,nan6,0.23433667,False
483,2021-01-27T10-18-30Z-2021-01-27-organogram-junior,Organisation,2021-03-02T11-57-01Z-2018-09-30-organogram-junior,nan7,0.23433667,False
484,2021-01-27T10-18-30Z-2021-01-27-organogram-junior,Organisation,2021-03-02T11-57-01Z-2018-09-30-organogram-junior,nan8,0.23433667,False
485,2021-01-27T10-19-58Z-2021-01-27-organogram-junior,Organisation,2021-03-02T11-57-01Z-2018-09-30-organogram-junior,nan4,0.2319136,False
486,2021-01-27T10-19-58Z-2021-01-27-organogram-junior,Organisation,2021-03-02T11-57-01Z-2018-09-30-organogram-junior,nan2,0.23091003,False
487,2021-01-27T10-19-58Z-2021-01-27-organogram-junior,Organisation,2021-03-02T11-57-01Z-2018-09-30-organogram-junior,nan3,0.23091003,False
488,2021-01-27T10-19-58Z-2021-01-27-organogram-junior,Organisation,2021-03-02T11-57-01Z-2018-09-30-organogram-junior,nan5,0.23091003,False
489,2021-01-27T10-19-58Z-2021-01-27-organogram-junior,Organisation,2021-03-02T11-57-01Z-2018-09-30-organogram-junior,nan6,0.23091003,False
490,2021-01-27T10-19-58Z-2021-01-27-organogram-junior,Organisation,2021-03-02T11-57-01Z-2018-09-30-organogram-junior,nan7,0.23091003,False
491,2021-01-27T10-19-58Z-2021-01-27-organogram-junior,Organisation,2021-03-02T11-57-01Z-2018-09-30-organogram-junior,nan8,0.23091003,False
492,2021-01-27T10-19-58Z-2021-01-27-organogram-junior,Organisation,2021-03-02T11-57-01Z-2018-09-30-organogram-junior,nan9,0.23091003,False
493,2021-01-27T10-28-42Z-2021-01-27-organogram-junior,Organisation,2021-03-02T11-57-01Z-2018-09-30-organogram-junior,nan4,0.22917962,False
494,2021-01-27T10-28-42Z-2021-01-27-organogram-junior,Organisation,2021-03-02T11-57-01Z-2018-09-30-organogram-junior,nan0,0.2281636,False
495,2021-01-27T10-28-42Z-2021-01-27-organogram-junior,Organisation,2021-03-02T11-57-01Z-2018-09-30-organogram-junior,nan1,0.2281636,True
496,2021-01-27T10-28-42Z-2021-01-27-organogram-junior,Organisation,2021-03-02T11-57-01Z-2018-09-30-organogram-junior,nan2,0.2281636,False
497,2021-01-27T10-28-42Z-2021-01-27-organogram-junior,Organisation,2021-03-02T11-57-01Z-2018-09-30-organogram-junior,nan3,0.2281636,False
498,2021-01-27T10-28-42Z-2021-01-27-organogram-junior,Organisation,2021-03-02T11-57-01Z-2018-09-30-organogram-junior,nan5,0.2281636,False
499,2021-01-27T10-28-42Z-2021-01-27-organogram-junior,Organisation,2021-03-02T11-57-01Z-2018-09-30-organogram-junior,nan6,0.2281636,False
500,2021-01-27T10-28-42Z-2021-01-27-organogram-junior,Organisation,2021-03-02T11-57-01Z-2018-09-30-organogram-junior,nan7,0.2281636,False
501,2021-01-27T10-28-42Z-2021-01-27-organogram-junior,Organisation,2021-03-02T11-57-01Z-2018-09-30-organogram-junior,nan8,0.2281636,False
502,2021-01-27T10-28-42Z-2021-01-27-organogram-junior,Organisation,2021-03-02T11-57-01Z-2018-09-30-organogram-junior,nan9,0.2281636,False
503,2021-03-02T11-57-01Z-2018-09-30-organogram-junior,nan4,2021-03-26T13-52-24Z-2020-03-31-organogram-junior,Organisation,0.22723395,False
504,2021-03-02T11-57-01Z-2018-09-30-organogram-junior,nan0,2021-03-26T13-52-24Z-2020-03-31-organogram-junior,Organisation,0.22625999,False
505,2021-03-02T11-57-01Z-2018-09-30-organogram-junior,nan1,2021-03-26T13-52-24Z-2020-03-31-organogram-junior,Organisation,0.22625999,True
506,2021-03-02T11-57-01Z-2018-09-30-organogram-junior,nan2,2021-03-26T13-52-24Z-2020-03-31-organogram-junior,Organisation,0.22625999,False
507,2021-03-02T11-57-01Z-2018-09-30-organogram-junior,nan3,2021-03-26T13-52-24Z-2020-03-31-organogram-junior,Organisation,0.22625999,False
508,2021-03-02T11-57-01Z-2018-09-30-organogram-junior,nan5,2021-03-26T13-52-24Z-2020-03-31-organogram-junior,Organisation,0.22625999,False
509,2021-03-02T11-57-01Z-2018-09-30-organogram-junior,nan6,2021-03-26T13-52-24Z-2020-03-31-organogram-junior,Organisation,0.22625999,False
510,2021-03-02T11-57-01Z-2018-09-30-organogram-junior,nan7,2021-03-26T13-52-24Z-2020-03-31-organogram-junior,Organisation,0.22625999,False
511,2021-03-02T11-57-01Z-2018-09-30-organogram-junior,nan8,2021-03-26T13-52-24Z-2020-03-31-organogram-junior,Organisation,0.22625999,False
512,2021-03-02T11-57-01Z-2018-09-30-organogram-junior,nan9,2021-03-26T13-52-24Z-2020-03-31-organogram-junior,Organisation,0.22625999,False
513,2021-01-05T16-14-09Z-2020-10-31-organogram-junior,Organisation,2021-03-02T11-57-01Z-2018-09-30-organogram-junior,nan4,0.22529763,False
514,2021-01-05T16-14-09Z-2020-10-31-organogram-junior,Organisation,2021-03-02T11-57-01Z-2018-09-30-organogram-junior,nan0,0.22434665,False
515,2021-01-05T16-14-09Z-2020-10-31-organogram-junior,Organisation,2021-03-02T11-57-01Z-2018-09-30-organogram-junior,nan1,0.22434665,True
516,2021-01-05T16-14-09Z-2020-10-31-organogram-junior,Organisation,2021-03-02T11-57-01Z-2018-09-30-organogram-junior,nan2,0.22434665,False
517,2021-01-05T16-14-09Z-2020-10-31-organogram-junior,Organisation,2021-03-02T11-57-01Z-2018-09-30-organogram-junior,nan3,0.22434665,False
518,2021-01-05T16-14-09Z-2020-10-31-organogram-junior,Organisation,2021-03-02T11-57-01Z-2018-09-30-organogram-junior,nan5,0.22434665,False
519,2021-01-05T16-14-09Z-2020-10-31-organogram-junior,Organisation,2021-03-02T11-57-01Z-2018-09-30-organogram-junior,nan6,0.22434665,False
520,2021-01-05T16-14-09Z-2020-10-31-organogram-junior,Organisation,2021-03-02T11-57-01Z-2018-09-30-organogram-junior,nan7,0.22434665,False
521,2021-01-05T16-14-09Z-2020-10-31-organogram-junior,Organisation,2021-03-02T11-57-01Z-2018-09-30-organogram-junior,nan8,0.22434665,False
522,2021-01-05T16-14-09Z-2020-10-31-organogram-junior,Organisation,2021-03-02T11-57-01Z-2018-09-30-organogram-junior,nan9,0.22434665,False
523,2021-01-27T10-24-17Z-2021-01-27-organogram-junior,Unnamed: 3,2021-03-02T11-57-01Z-2018-09-30-organogram-junior,nan3,0.22296749,True
